<?xml version="1.0" encoding="UTF-8" ?>
<!DOCTYPE mapper PUBLIC "-//mybatis.org//DTD Mapper 3.0//EN"
        "http://mybatis.org/dtd/mybatis-3-mapper.dtd">
<mapper namespace="edu.eci.cvds.persistence.mappers.RecursoMapper">
    <resultMap type='Recurso' id='RecursoResult'>
        <id property='id' column='id_recursos'/>
        <result property='nombre' column='nombre'/>
        <result property='capacidad' column='capacidad'/>
        <result property='horario_inicial' column='horario_inicial'/>
        <result property='horario_final' column='horario_final'/>
        <result property='disponibilidad' column='disponibilidad'/>
        <association property="tiporecurso" javaType="TipoRecurso" resultMap="edu.eci.cvds.persistence.mappers.TipoRecursoMapper.TipoRecursoResult" />
        <association property="ubicacion" javaType="ubicacion" resultMap="edu.eci.cvds.persistence.mappers.UbicacionMapper.UbicacionResult" />
    </resultMap>
    <select id="consultarRecursos" resultMap="RecursoResult">
        select
        re.id_recursos,
        re.nombre,
        re.capacidad,
        re.horario_inicial,
        re.horario_final,
        re.disponibilidad,
        tre.tipo,
        ub.ubicacion
        FROM
        recursos as re
        INNER JOIN tiporecurso as tre ON (tre.id = re.tiporecurso)
        INNER JOIN ubicacion as ub ON (ub.id = re.ubicacion)
        ORDER BY re.id_recursos ASC
    </select>

    <select id="consultarRecurso" resultMap="RecursoResult">
        select
        re.id_recursos,
        re.nombre,
        re.capacidad,
        re.horario_inicial,
        re.horario_final,
        re.disponibilidad,
        tre.tipo,
        ub.ubicacion
        FROM
        recursos as re
        INNER JOIN tiporecurso as tre ON (tre.id = re.tiporecurso)
        INNER JOIN ubicacion as ub ON (ub.id = re.ubicacion)
        where re.id_recursos = #{idRecurso}
        ORDER BY re.id_recursos ASC
    </select>

    <insert id="agregarRecursos" parameterType="edu.eci.cvds.entities.Recurso">
        INSERT INTO Recursos(
        id_recursos,nombre,ubicacion,capacidad,horario_inicial,horario_final,disponibilidad,tiporecurso
        ) VALUES(
        #{Recurso.id}, #{Recurso.nombre},#{Recurso.ubicacion.id},#{Recurso.capacidad},#{Recurso.horario_inicial},#{Recurso.horario_final},#{Recurso.disponibilidad},#{Recurso.tiporecurso.id});
    </insert>
    <update id = "cambiarEstadoRecurso" parameterType="int">
        UPDATE Recursos
        SET disponibilidad = NOT disponibilidad
        WHERE id_recursos = #{idRecurso}
    </update>
</mapper>
