<?xml version="1.0" encoding="UTF-8" ?>
<!DOCTYPE mapper PUBLIC "-//mybatis.org//DTD Mapper 3.0//EN"
        "http://mybatis.org/dtd/mybatis-3-mapper.dtd">
<mapper namespace="edu.eci.cvds.persistence.mappers.UserMapper">
    <resultMap type='user' id='UserResult'>
        <id property='documento' column='documento'/>
        <result property='nombre' column='nombre'/>
        <result property='contrasena' column='contrasena'/>
        <result property='correo' column='correo'/>
        <result property='telefono' column='telefono'/>

    </resultMap>
    <select id = "consultarUsuarios" resultMap="UserResult">
        select *
        FROM
        public.usuarios
    </select>
</mapper>